{"loss": [0.042791541665792465, 0.011123894713819027, 0.010594489052891731, 0.010400068946182728, 0.01006221491843462, 0.010058866813778877, 0.009874082170426846, 0.009776970371603966, 0.009624467231333256, 0.009646409191191196, 0.009551679715514183, 0.009444000199437141, 0.00945952720940113, 0.009455903433263302, 0.009316105395555496, 0.009600344114005566, 0.009673457592725754, 0.009375885128974915, 0.009162784554064274, 0.00907090213149786], "val_loss": [0.01685749925673008, 0.017941150814294815, 0.020816665142774582, 0.0199130792170763, 0.01836666837334633, 0.012097981758415699, 0.01206885278224945, 0.01049169059842825, 0.010117032565176487, 0.009643380530178547, 0.009521995671093464, 0.009889109060168266, 0.009394782595336437, 0.010324091650545597, 0.009770392440259457, 0.06565859913825989, 0.03743746131658554, 0.009818901307880878, 0.00974347349256277, 0.009748763404786587]}